,KL,TV
0,0.08732855856025157,0.14191208526996357
1,0.054381157202096034,0.11328241857835908
2,0.061770730960866924,0.12266980221305233
3,0.07555665536181991,0.13710657348160654
4,0.0837054994453532,0.1433241004653363
5,0.06373953965948465,0.12206640908856153
6,0.030283549934670542,0.08487236168910084
7,0.10750797775967284,0.159475576256657
8,0.06651960388531811,0.12445400501942919
9,0.04715834841075248,0.10782670878710857
10,0.09063960195258622,0.13993098411646587
11,0.05333651537305836,0.11401624129791794
12,0.09279486020314977,0.15006464332721278
13,0.061817799630803826,0.12304948297914448
14,0.11855129454157355,0.1692424737150722
15,0.08019305667172992,0.14242360971343507
16,0.040782637804215705,0.10016617847509163
17,0.07659977073636605,0.13634916553721607
18,0.06262272489001514,0.11715792039601339
19,0.05228136514345444,0.11075184888176454
20,0.09379111485141767,0.14933523059001028
21,0.17500458755333556,0.20429726800705594
22,0.03560067662026963,0.09174375877418882
23,0.11935827116085587,0.16934517056547024
24,0.07526959052614124,0.1343854866534098
25,0.07718125091023655,0.13115826051963544
26,0.0703627244275545,0.12538736239120135
27,0.10573345672709138,0.1604973648007481
28,0.03658969402420924,0.09415404897917062
29,0.05074248837815189,0.10832319842815946
30,0.08576465852491327,0.14205624007162443
31,0.06890067157828579,0.13065160410712287
32,0.05139449686841733,0.10643002037583325
33,0.057568642278310614,0.11364334644812701
34,0.10005889890365746,0.15195746019014048
35,0.09091905351695127,0.14541404718101975
36,0.05845926811364965,0.11642352735766888
37,0.0619741449938612,0.11655058406653658
38,0.01958723544221134,0.06647929241560704
39,0.04993056907045601,0.10765194632304738
40,0.032098944365485875,0.0872302112999581
41,0.11358320256665498,0.16518468510588308
42,0.09840698764361361,0.14891350052986232
43,0.09064623828925913,0.14156430456256758
44,0.09355151661020111,0.1461580189492488
45,0.040207092350970294,0.09432754272542701
46,0.06714048507478769,0.12713047820180834
47,0.12138034835821981,0.16611814947134979
48,0.05645181203951774,0.11539956921945577
49,0.06300818151920566,0.12112212043010183
50,0.08695200465002755,0.1416372424790633
51,0.10699542931052054,0.16029868161043473
52,0.03381051483793815,0.08618126326466995
53,0.04640639890705257,0.10388285419007035
54,0.07424537645396986,0.13233500566740286
55,0.045653606181476875,0.10119645278923434
56,0.08003193068626563,0.13556154822286065
57,0.0833609264217858,0.142838389935357
58,0.04346372810058642,0.1002839130496743
59,0.08058464686435014,0.1332190787698541
60,0.09160895332137063,0.14490752565091777
61,0.06233035948770992,0.12249930159291568
62,0.07621893318228501,0.13509099181940692
63,0.09678872606581632,0.15029633280915963
64,0.08383674738585638,0.13882190808332753
65,0.050211502234189895,0.1080237174031309
66,0.03861416924704901,0.09520795337084945
67,0.0919735038310703,0.14547071793545394
68,0.03336142313606642,0.08573393585342906
69,0.06060193729991886,0.11930696457113886
70,0.07500166844640899,0.13315030252535306
71,0.08425481415020686,0.13744361865939456
72,0.07179292078710181,0.12538963979958195
73,0.07653050957710078,0.1356772600036054
74,0.07074176796650168,0.12955278607481324
75,0.06056457612897398,0.12429762213655315
76,0.06350602936013489,0.11166520118664237
77,0.10391770072277648,0.15265102432268715
78,0.04991369778691422,0.10237295098061581
79,0.07846012999348692,0.1285555186697492
80,0.07602728185241928,0.13148468755170514
81,0.05835487467481167,0.11732100327010346
82,0.053154151508225514,0.10991393541444433
83,0.056117938006844156,0.109292526259198
84,0.08074104504845633,0.13455034626667486
85,0.06375339870331231,0.12563289830269442
86,0.13590824771209667,0.18209325399180484
87,0.05060341667930245,0.10959457232842792
88,0.013279484436596413,0.05708759605823626
89,0.1594629267902647,0.19511808867239971
90,0.025311626073645295,0.07766106814068706
91,0.06174841568473602,0.11896363871329564
92,0.06988607241640754,0.12865138828445416
93,0.07359526033288816,0.13218444969791704
94,0.04198075563975168,0.10037060864105393
95,0.045979719146080233,0.10674119667309294
96,0.12158849031812884,0.16974828054471586
97,0.03980474496391505,0.09558897060254004
98,0.06805544023849719,0.12367260243103396
99,0.02865230267017496,0.07965381192615535
100,0.0316523036355954,0.08525921978767668
101,0.07175446661035415,0.13233719823368573
102,0.040290931337717543,0.09797619651675622
103,0.03323731859012091,0.08570879560581532
104,0.038141285433034716,0.09546664070365968
105,0.05567079876129166,0.11090328170008723
106,0.049372139334234275,0.10726179846840857
107,0.05554966430916949,0.11282067410677948
108,0.04155060818993562,0.10100975278836759
109,0.07107351196163691,0.1281691714246415
110,0.06907817248918925,0.12710738668737054
111,0.09472493577191973,0.14678295312394019
112,0.13090572983031673,0.17468860567819333
113,0.07015754143260165,0.12893712436143195
114,0.11731786604705334,0.1674395212603095
115,0.039657839553229324,0.09935697598296277
116,0.07751797708371852,0.1346868039229792
117,0.1106339087721275,0.15480025766937727
118,0.04782011249140638,0.1067212261908029
119,0.011846937052677177,0.0533150277788487
120,0.07704201935002752,0.13235602550225548
121,0.09035926908390245,0.14466672764700764
122,0.08323335370909218,0.14035778619099187
123,0.04374059623280629,0.0994495745622967
124,0.039085164611304346,0.09553922011592403
125,0.09018617233240891,0.14577462223361515
126,0.06438353547870936,0.12625869077728966
127,0.06662196307953133,0.12681054261668673
128,0.13196502563149443,0.17636070175377785
129,0.06059327592856649,0.11797373828465126
130,0.06602256700693689,0.12443518617794301
131,0.09736009968568175,0.1505561620776694
132,0.04984371461949504,0.11136436111457902
133,0.08570566570171503,0.1411331976735045
134,0.07163562686620961,0.13128838624091255
135,0.05425635175019966,0.11336189808741252
136,0.07611653098895477,0.12979191957514194
137,0.06319729692627493,0.12213633993755606
138,0.085019499115037,0.14139573436143238
139,0.0665852395094459,0.12798328309588228
140,0.073261937637105,0.13440903814338578
141,0.01997274843226387,0.07082393009610467
142,0.04134007860294252,0.09797574281002841
143,0.021026298602163804,0.07291179447524997
144,0.0980978767930706,0.14823627634765862
145,0.028532501586393137,0.0801753509800808
146,0.10119958842160393,0.15005473140056225
147,0.06697610257664269,0.12838668330323053
148,0.07275056252584035,0.13342266248192394
149,0.061281738000119185,0.11953907462725703
150,0.08271706728201773,0.1378486721665835
151,0.10306732538696906,0.1554330964243065
152,0.0235366201196364,0.07787048803043692
153,0.15779345850507479,0.19382873475590914
154,0.04524982062080404,0.10295034078333672
155,0.08087107603830739,0.1386102529112859
156,0.0750901079687989,0.13217889604578095
157,0.057575788552382025,0.12022951891866508
158,0.0781752843071267,0.13374256884272612
159,0.10740336345711621,0.15704555037314047
160,0.06711088636155213,0.1252126189605284
161,0.10880275831459696,0.159375461606743
162,0.07785646429540627,0.1377846901229191
163,0.1237260441488825,0.16298857032592257
164,0.06186457190942882,0.11767959437881492
165,0.024325024225641537,0.07866569499518831
166,0.042345639025782575,0.10023404753465683
167,0.07856428881431593,0.13736339536627684
168,0.0314338700196784,0.0839948955937422
169,0.022866577173561102,0.07453297053947781
170,0.0707280279631026,0.12806201454043076
171,0.07050170317953114,0.12575427654149515
172,0.04626278437841442,0.10541426764028589
173,0.058513743493437916,0.1206250226340469
174,0.024239670186351106,0.07752762475298713
175,0.04978659878234863,0.10835974489806045
176,0.05193758749488151,0.11175172090801525
177,0.0650763576354516,0.1254364008927115
178,0.04799704799357306,0.1067118205670257
179,0.08666244088796854,0.1448787748755639
180,0.05635891121274972,0.11688595957899212
181,0.07157508657665748,0.1300949580800053
182,0.0728982990208476,0.13088351441286192
183,0.06322654987676413,0.11860146675637678
184,0.05032091297818338,0.10952738411718324
185,0.04390771057010811,0.09996718920376735
186,0.0675175049191425,0.11925435988899823
187,0.047095414592585316,0.10571017623975544
188,0.06680240555878444,0.12628387704638913
189,0.06621001392531742,0.12227430971334552
190,0.03573019650176032,0.09025360234492857
191,0.05863750445927661,0.12021617142149835
192,0.04343791139046181,0.10131243140105307
193,0.10801395964806552,0.1578437324853568
194,0.0728027445492025,0.1332381268917685
195,0.06015194775703438,0.12059329642814182
196,0.03507242730614283,0.09056365814589751
197,0.046743903210134594,0.10486106378894068
198,0.03692061812678533,0.09533340272034656
199,0.06103469671079546,0.1196922771914816
200,0.08741845773661744,0.1401445210491498
201,0.0654642684012211,0.1270472584040365
202,0.03364717893780586,0.08679677792613953
203,0.03472526094814589,0.09034685199664763
204,0.09150212608540575,0.14941562932349564
205,0.0925541553766219,0.14838149350121776
206,0.04470392537836115,0.09931661656709748
207,0.049490399050533346,0.10773855211383714
208,0.053483342035528035,0.10654093579705559
209,0.06312833724519819,0.11616466508131544
210,0.0342254568647365,0.09092398759590525
211,0.04916702357628548,0.10827934908886032
212,0.11376731268631848,0.1663181682155073
213,0.04561825099490505,0.10580744389087046
214,0.05015173299801732,0.10882277596704505
215,0.07332848595344701,0.13333630187297688
216,0.09538102280071992,0.14608827470875452
217,0.06422366035515178,0.12515707204634902
218,0.12914653234626566,0.17236933150393602
219,0.06808097348892028,0.12386134072470749
220,0.055836700655562135,0.10979748897248288
221,0.09165765285566481,0.14793367180769143
222,0.1276255318595366,0.1694264742955786
223,0.08182682177690558,0.1368066778144976
224,0.04641549716900651,0.10746318741089067
225,0.06654893647802951,0.12049204457222712
226,0.05018953528811653,0.10938157409752085
227,0.0864802427643102,0.13800476388662275
228,0.01706394223607829,0.06463411069533867
229,0.06969127043536838,0.12592372235196878
230,0.04691818165618535,0.10398939626420621
231,0.06060397235023243,0.12061629475338533
232,0.06075310430255864,0.11958009842046728
233,0.06907125471887919,0.12411368482761026
234,0.08164506878421601,0.14108380989981778
235,0.059657096780858974,0.11636056485340368
236,0.08186086509324536,0.13813952126477919
237,0.08415716807648936,0.1375185258513369
238,0.045649391562209214,0.1085786810263104
239,0.04565320441364353,0.09914913809356377
240,0.07682080477521072,0.1347463397402527
241,0.06640949573561368,0.1264615182121708
242,0.09555614570687516,0.15064788254225392
243,0.09508451051038153,0.1500010272001749
244,0.054975461302247064,0.11485817411342916
245,0.03198889095747492,0.08806624942884694
246,0.04692762963760744,0.10518892248298328
247,0.06706695829403114,0.1274944773918993
248,0.1459917805370006,0.18446853710303604
249,0.08185536868294299,0.13693685125330635
250,0.07173833857044926,0.12785205556129922
251,0.09549044340003242,0.1543745844034436
252,0.07052836570144881,0.12825017672424557
253,0.10047318069134172,0.15759954942431034
254,0.07650252299915034,0.13453743761012343
255,0.08595579695167807,0.14288703496148766
256,0.055390993418454326,0.11489794858990271
257,0.08660229395271488,0.13926777431971862
258,0.09182618891860314,0.14426924865307977
259,0.06881580019802802,0.12347117937257718
260,0.09050512295697145,0.14502314263327853
261,0.049444646281287974,0.10658576260189004
262,0.043771554449452854,0.09686339098591869
263,0.08730823500143865,0.13934232516053305
264,0.04022010822655666,0.09761030045470939
265,0.025822426973869595,0.0763068581950369
266,0.08268521767864766,0.13675149751853374
267,0.06461714264338225,0.12519542213352844
268,0.05961409564065846,0.12063458722290918
269,0.09060392397172604,0.14349095463128003
270,0.050267053844750206,0.11153091595266904
271,0.08880347486494344,0.1414171052206121
272,0.10766648265015528,0.15262297543859515
273,0.06915678840943179,0.12249912747936335
274,0.05650059015749276,0.11269653574549575
275,0.07263691351856828,0.12983363509809476
276,0.07878298472895642,0.13546243782456655
277,0.09177708329454878,0.1434911525303488
278,0.020715387437648346,0.07033837083884319
279,0.05106670602843358,0.1102478609263611
280,0.055256300618554716,0.11482388383162921
281,0.03690488494167564,0.08692635782698421
282,0.08568852022453805,0.1445334840150739
283,0.03307515098127653,0.08842530749748448
284,0.06348626741135575,0.12132423373971099
285,0.03928777387176298,0.0990417993649655
286,0.07656400193325005,0.12465121051221201
287,0.04847422354535222,0.10613260445007333
288,0.09706721759866153,0.1525630811759932
289,0.08627531241765185,0.14029197447482508
290,0.07218996450172849,0.12403926839729656
291,0.0581671806624541,0.11464042919436067
292,0.04838865528612721,0.10445143801192419
293,0.03255651712521872,0.08751149429193805
294,0.06634804818621565,0.12402098307833943
295,0.04515939271210305,0.10692472418235836
296,0.052007401936993616,0.11405117478653032
297,0.03169821522940408,0.08644367174288582
298,0.06781754811688659,0.12196216020175918
299,0.04403018562004829,0.10051174720729611
300,0.11718194879726156,0.16317590811974397
301,0.060291148498498294,0.12125843555023809
302,0.08645126645574511,0.14155569372708524
303,0.09855937670699115,0.15212541577298785
304,0.047040017409023874,0.10324572888759526
305,0.07121288399047507,0.12817436577603772
306,0.08709578721729572,0.14342172948568652
307,0.06814714695486511,0.13175351335940996
308,0.03733599480915202,0.09385560154311147
309,0.1027296643813207,0.15686570666102023
310,0.1241555002058846,0.17228802034341856
311,0.05404381729426663,0.11190677377593437
312,0.04141010602068851,0.09701471121061105
313,0.07919983756224958,0.1333406098876576
314,0.07309426764033852,0.13044602233769897
315,0.08893323350348668,0.1433892266397727
316,0.053398736019122206,0.11007737819916205
317,0.051088397222768867,0.10913160882043903
318,0.09211342226341729,0.144833951758604
319,0.0771303299114313,0.1354570553727999
320,0.03989281877272071,0.09821133319751234
321,0.05572797692676029,0.1168018697292008
322,0.08880803401516697,0.14071065896070797
323,0.06190914397919996,0.11937743842511397
324,0.1043420439732315,0.15750194422415728
325,0.09889605576273602,0.1507110795215886
326,0.10839596378708771,0.162232272101483
327,0.03151948300936293,0.08569035494796073
328,0.047760602176118674,0.10227577821491123
329,0.07125174158437385,0.1319530453174389
330,0.0366279522290381,0.09477935413204744
331,0.058381429232630504,0.11410860921105095
332,0.09923939897158489,0.15291726137752726
333,0.023126534438595643,0.07364262781514168
334,0.04980181950988544,0.10519582071256789
335,0.06650106199553703,0.12756105842498322
336,0.08316676864332719,0.14070413723807568
337,0.06840213398672777,0.12499376343220027
338,0.11082022068535433,0.16152512404036043
339,0.04243094558681726,0.09563823943710947
340,0.03431170626795907,0.08996103882830506
341,0.06350223038883888,0.11840096098001975
342,0.08365719849955097,0.13961256412543135
343,0.07060409283134825,0.12769411021536067
344,0.07148486383415756,0.1266346483976291
345,0.06220259780695701,0.11852284760434616
346,0.04607815146243635,0.09794134442961845
347,0.054589567250667104,0.11509073182665425
348,0.06424215900348117,0.1216405814354012
349,0.04705423432753787,0.10807865585145356
350,0.07024975353935484,0.1310227381344328
351,0.03881761664629402,0.0979118529946604
352,0.02244449340205952,0.07568902122738494
353,0.0564487440937948,0.11632569052603169
354,0.058343935265372966,0.11520648096129922
355,0.0730059784457941,0.13320266558804006
356,0.10273892985204916,0.15538223994025943
357,0.03640287692191366,0.0965774131394348
358,0.04455955567361709,0.10257277391443503
359,0.08196102834221607,0.13601005014672377
360,0.0446590729867952,0.10458721037592682
361,0.07404636975427331,0.13067359721982924
362,0.0475749115435386,0.10618358347778022
363,0.03702745698316347,0.09325478853332984
364,0.07610417573327716,0.13259302175472557
365,0.08613290905434239,0.1438369599595012
366,0.09619437223763552,0.14737133743725975
367,0.04002675002356606,0.09441065392054217
368,0.02804884259189179,0.08125440413870604
369,0.0725574765568586,0.1300632302866451
370,0.049548766811705336,0.10843248568988484
371,0.09188065942225462,0.14493642012735605
372,0.05766906454363584,0.11590955409027462
373,0.11180738429307291,0.15765293271988023
374,0.07833517905218763,0.1307745635349439
375,0.06227533528039457,0.12000558593346414
376,0.04652229617044493,0.10560253987418422
377,0.10101670908677875,0.15068489775201346
378,0.07727273367467775,0.13351176960277608
379,0.10388962696675294,0.1553558095570374
380,0.05689003735787742,0.10910434780105187
381,0.05472297932180589,0.11210585588634414
382,0.05570520598654805,0.11003743772409634
383,0.06593251187745604,0.12337442594474354
384,0.10679270700763879,0.15766165385279504
385,0.05636745169255661,0.11490362872919596
386,0.12242179582101587,0.17055478752482858
387,0.09047073717584554,0.14799022155034805
388,0.026552845064809656,0.07761171453084464
389,0.08369416079248532,0.14012217527494422
390,0.09876741826592428,0.1527291603107978
391,0.02550540815845599,0.07585826796489091
392,0.08314042036590527,0.1409735838450561
393,0.10683609428039087,0.15940952352514648
394,0.12721283501669922,0.17381839483588032
395,0.08321256480022168,0.13852241224264128
396,0.06040051641690482,0.11366990659554024
397,0.12312184685901592,0.17311925858267113
398,0.03846778717052005,0.09821097107231443
399,0.06338180125835832,0.12063184054897175
400,0.08588428361897757,0.1410778806780658
401,0.048714646732366716,0.10583065900528257
402,0.10463366929490704,0.1521398894182308
403,0.023661467083390217,0.07551568503102192
404,0.03369139049681233,0.088308343392646
405,0.05305287098551088,0.11118425308207987
406,0.118414722644713,0.1664404881523793
407,0.08027051099292878,0.13656747062744098
408,0.05554169481879841,0.11124596449849956
409,0.07022547262988804,0.12575659759517946
410,0.07928044861240431,0.13056380957819888
411,0.10899279739655293,0.16075958745252827
412,0.09459973855719954,0.14658040730347674
413,0.043364024280903316,0.10214487939865073
414,0.07605723225021646,0.1321996448809307
415,0.03485638189282232,0.09101203552089528
416,0.05630234350150287,0.1154972464334026
417,0.03941982252360898,0.09393839225699153
418,0.0344296943034835,0.08620919310965997
419,0.06263068550605733,0.12248136366679019
420,0.101151574714249,0.15726960844205576
421,0.08714979857450147,0.14511594561206898
422,0.056112797698579055,0.11371863779151888
423,0.06923341365410626,0.12344102515640169
424,0.09221027668969205,0.14875589266617317
425,0.06873383141409029,0.12627049929005493
426,0.08622636650422402,0.13953513374546625
427,0.0692372990463299,0.1292979785208775
428,0.05408694789121221,0.11381667808723656
429,0.06762345369333828,0.11934985163859727
430,0.14451903802349392,0.18441657773727343
431,0.019637787178031323,0.06663193583392572
432,0.06758831635286833,0.1257634930117299
433,0.03544771766060348,0.09264838230531486
434,0.04539845978534374,0.10195413700010353
435,0.0979766832553648,0.1518962342294971
436,0.03324781470678076,0.0899802490645242
437,0.09075531478803107,0.1468128164606143
438,0.051006210239040464,0.10720974072506945
439,0.055354177806568206,0.1131255616590039
440,0.06486999601794456,0.12218682628154642
441,0.053760858476218296,0.11334545053257257
442,0.13434583143631276,0.17488193513581038
443,0.08280000417198222,0.13974509339959165
444,0.04773335763358133,0.10546621639255994
445,0.08950752710415386,0.14019364804806211
446,0.0782538150091727,0.13494906484434022
447,0.04839379669479332,0.10986258060272865
448,0.02428137872591078,0.07697935266031972
449,0.1206290281516346,0.16959101476320781
450,0.04599963932663569,0.09808802859060027
451,0.08000608162041514,0.1358659228826234
452,0.05390211260547707,0.11191920235415367
453,0.09227778563602701,0.1451647587645707
454,0.06850403582329603,0.12592402411755735
455,0.06334291242040652,0.11854792826208947
456,0.041784072947135285,0.09963381077836041
457,0.04713458382171443,0.10635803037774179
458,0.0400856215971879,0.09528314560079065
459,0.08792530325222984,0.14183468504588756
460,0.10254751111209792,0.1527951960915761
461,0.09850668014789378,0.14924250108240275
462,0.06928762406270007,0.12501070542528925
463,0.06561479559356506,0.12028533835452045
464,0.09445078085862488,0.1500387067370098
465,0.13853423217491195,0.18138345097538722
466,0.0380391934211691,0.09207939329396833
467,0.065466088105977,0.12231686799856147
468,0.020586845851126863,0.07068484182007839
469,0.056463539317532896,0.11467006691371671
470,0.11220394956570304,0.16314525311954167
471,0.04590744692169129,0.10373233854326769
472,0.0584135495960292,0.11892094886231788
473,0.07441460502523617,0.12889201210691245
474,0.07918476506217276,0.13765047137807654
475,0.08471743945176796,0.14322834778161533
476,0.0338303909622051,0.08882676541995743
477,0.09189153079438465,0.1433324019495343
478,0.04981105252605719,0.11030784780942357
479,0.07002177822056821,0.12965672070606948
480,0.06288787374192534,0.11706582885385362
481,0.05871000933515555,0.11901944463728745
482,0.05205395168690972,0.10902506971616092
483,0.06157313059729478,0.1203227673911309
484,0.10461812311353699,0.15788052136055378
485,0.03736386965869126,0.09491273800026179
486,0.11780185167099697,0.16680117711110098
487,0.08392554265300713,0.14084396583254197
488,0.07957007590386228,0.1396715268443284
489,0.021202421794642434,0.06854329988352414
490,0.0680179009619481,0.1259245008317909
491,0.11495757581805888,0.16653508421299695
492,0.08649652340843231,0.1374905367719912
493,0.10942365518411623,0.15871687730636494
494,0.07076350289373126,0.1309794014239722
495,0.06309633317954019,0.11892996347704363
496,0.08282514480368171,0.13535134521262143
497,0.01829037370290919,0.06674396975754199
498,0.04864011176611854,0.10658982239691206
499,0.09343242028926127,0.14985073127225712
500,0.09003738685898938,0.13966886274641696
501,0.01721196166304461,0.05962086458799469
502,0.04341630442231563,0.10226509055370497
503,0.0976400954199246,0.15027454275601163
504,0.06454097874196318,0.12195798125261854
505,0.09840007049231932,0.14998877671376523
506,0.07169021958793843,0.1312783329380323
507,0.09447178560534061,0.14377040261400054
508,0.04961616177633278,0.10577292930041608
509,0.07345260052268031,0.13397775503381093
510,0.06527269020822532,0.12674850549581665
511,0.08514924653514996,0.14363803684616
512,0.10016451792374592,0.1498296899363278
513,0.03771568015163835,0.09515791635992875
514,0.06890117772502435,0.1280012078425071
515,0.041651964511797965,0.09893372996625181
516,0.06753221850578153,0.12286296440930214
517,0.0586353796114204,0.1157116662009698
518,0.06796718416635933,0.129074896485205
519,0.03448622754122855,0.09066682248094923
520,0.0369269085946441,0.09302105625218068
521,0.025527617407632017,0.07945358680373511
522,0.04252397776340192,0.0979842222887564
523,0.1013320111765646,0.1532871877303915
524,0.05949452889686034,0.11773131211828533
525,0.11979766787025414,0.16900262905686456
526,0.026892649879922938,0.0808290126014849
527,0.11129618571103667,0.16307842282531404
528,0.06421397418605004,0.12248699015523361
529,0.0648114137864323,0.12451309627906314
530,0.10805969644156739,0.15654168512978223
531,0.04348749115068572,0.09788938480525143
532,0.03572699766585548,0.08925454272600229
533,0.02714507418765884,0.08129308743357597
534,0.059564483573608315,0.1130709179926792
535,0.12068475659182665,0.1671254594099852
536,0.10870105753946377,0.16073162063988267
537,0.06327430943266932,0.12178614078350061
538,0.09780602480338138,0.15482459185587102
539,0.07960352385699182,0.13254634970705692
540,0.05547203518030305,0.11388200884959858
541,0.06924634734455506,0.12991171562813134
542,0.04200457237861947,0.0997490034407584
543,0.06346734247606843,0.12228423972718239
544,0.02676093466709579,0.08135292524691815
545,0.05240750151952826,0.10852377305603958
546,0.04719183692901447,0.10939153902337846
547,0.0627341384494107,0.1229629117002868
548,0.05085374880049758,0.11113330417485508
549,0.061053887711283984,0.12030730432804382
550,0.07789540673301447,0.13653156841272898
551,0.06161144809526626,0.1149976526965436
552,0.027814821600781463,0.08284784282310315
553,0.0745852972700133,0.13242437134315216
554,0.03194167477787645,0.08568788822133129
555,0.04118268350105627,0.09405907241617885
556,0.1473280883254075,0.18721256107527684
557,0.08096764039375715,0.13991773681704484
558,0.07478281806026191,0.12759822070358473
559,0.09362142186664207,0.15029029777789876
560,0.02817263626870871,0.07716734836817728
561,0.04956470257660933,0.10828691871117571
562,0.0694821369070181,0.12600456568590745
563,0.0603523837443497,0.11729720396302264
564,0.09210466041645472,0.14824373215511896
565,0.077761628183993,0.13664788438291567
566,0.06994698567900356,0.12653652649850167
567,0.033457471221125294,0.09236623925869417
568,0.06535113121642572,0.12246601581907707
569,0.08455393833484187,0.13987329879229757
570,0.130965434781298,0.17988189694768672
571,0.05756863615179669,0.11224171638539818
572,0.07214269231075217,0.13002881119386112
573,0.1344459464296169,0.17863439284721072
574,0.056607777892390305,0.11579569754823568
575,0.051480065973331976,0.11329898186719205
576,0.060304651114890036,0.1193674103400848
577,0.07624531664606007,0.13494991254625055
578,0.08229904463661647,0.13744680689033473
579,0.05246519249030065,0.10878061359072029
580,0.091927189557501,0.1515320621199488
581,0.039913575289012716,0.09845995306869121
582,0.04685593501597701,0.10719495139571841
583,0.05259225502184056,0.11276264019419084
584,0.025438181513571887,0.08075146853330196
585,0.05331701708325075,0.11277097257533125
586,0.0801474856918738,0.13700519721315846
587,0.06400776715405423,0.12193246077085138
588,0.07326966675248722,0.1285463309434522
589,0.053008927493808665,0.10880047857104845
590,0.11178715073051285,0.16347828975903528
591,0.07447632496570072,0.13164949857968472
592,0.043589373040626184,0.10116898995132824
593,0.04025362426032979,0.09818952103653245
594,0.040947338541805524,0.09688560756458003
595,0.06478923624556984,0.12589657116792127
596,0.07022792750991311,0.12631424146078699
597,0.04636253448144245,0.10563441032408266
598,0.04636645393375047,0.10186986283338657
599,0.022593245365643777,0.07276141492380944
600,0.09383761692193182,0.14672976126338738
601,0.062298200541815243,0.12270861642128529
602,0.08085037958593444,0.1344395627308266
603,0.06178217868256519,0.11986668408886263
604,0.09544107322614905,0.15132833827006828
605,0.05134932917906529,0.11264989059749908
606,0.08504350165581424,0.13952641869022303
607,0.06828044522783064,0.12359090216029453
608,0.051893948352577476,0.10870522484621609
609,0.08032880843323417,0.14062211007727893
610,0.045605978511768716,0.10490273949642004
611,0.11500035422338246,0.1626819994885776
612,0.07468209302798332,0.13241715520677375
613,0.10974871605593223,0.155661190725476
614,0.0465179036133282,0.10652536048545527
615,0.1099875605249673,0.1590260492802571
616,0.03810321407746614,0.08612623497455381
617,0.04377982300104226,0.09643136108812621
618,0.09503245228008954,0.15184456620044226
619,0.06848461704092604,0.12314416798103099
620,0.07106198047168003,0.1328085187543057
621,0.047975226566296936,0.10838843083935984
622,0.08114668296350362,0.1388257391996641
623,0.09511709254410394,0.14864877899553802
624,0.0864954870690702,0.14350876831604356
625,0.0325753010836282,0.09086835268730081
626,0.12144095340248567,0.16751090954041947
627,0.032539942149491345,0.08673984012960113
628,0.04389972475828905,0.09854846788154713
629,0.01688070138009813,0.06099259830891941
630,0.09919624189380094,0.1500520518305221
631,0.0777831511936189,0.12807730671032055
632,0.04092283166061799,0.09628898355472393
633,0.06880647023100803,0.12943575682882275
634,0.04409811578031353,0.10259864715518166
635,0.05901525124385559,0.12009766520516606
636,0.109819982611297,0.15839428843269898
637,0.04442099272520482,0.10322304109971175
638,0.0680059190125544,0.1223448646110021
639,0.1325582716521097,0.17899361467714908
640,0.07314863034247839,0.13175372542618902
641,0.04602000107298896,0.1044009088972886
642,0.05589128583450701,0.11360210348304337
643,0.07782028326441186,0.13265939612799324
644,0.09044243499621342,0.1416895503435441
645,0.06962681137977553,0.12317446809212328
646,0.05707545293823059,0.11243415448492794
647,0.06826240697315239,0.12426977494884048
648,0.05820908413847804,0.11778194318252573
649,0.07959776586928903,0.1370567883220963
650,0.0591694107578338,0.11415216852658329
651,0.055271127044046096,0.1157822611607371
652,0.057129402540674584,0.11546202725859006
653,0.07760190838756886,0.1353463738831719
654,0.10006858023418652,0.1444852851516531
655,0.0877866546603481,0.1453419983399587
656,0.061212018342108696,0.11813306580678304
657,0.06940700575124267,0.1275274487609079
658,0.05351109342786616,0.11267096663286427
659,0.04783375168586874,0.10481745372693141
660,0.0824038206852739,0.13712245514456745
661,0.023755076639157546,0.07208044505957205
662,0.06029576171701565,0.12160457819252925
663,0.03832231360221381,0.09092529138757215
664,0.048094925400760845,0.10726863826107318
665,0.0450771347736298,0.10505925764146547
666,0.04157362253730269,0.09780404441969455
667,0.08110488605077415,0.13866525538063065
668,0.08124051563218058,0.13823586980572533
669,0.07128558580220745,0.12744704500511442
670,0.04086320087497156,0.09849846249635542
671,0.018916565912603697,0.06114139802945547
672,0.04393125219992401,0.10211084341539213
673,0.09361644364002898,0.14568646058803605
674,0.06488802433769647,0.12675084207340312
675,0.03968429593639637,0.09713216462638175
676,0.05324480844346784,0.11401098339851744
677,0.05397526507120978,0.11487749249023137
678,0.052137182147639356,0.11116187149216689
679,0.03433206399991044,0.08641590539334229
680,0.05728610386169876,0.11957126916763154
681,0.06535400650724589,0.12088329390470116
682,0.06360658799052224,0.12024512880356891
683,0.08131822725242663,0.13969342876629878
684,0.05363901151133835,0.1108591710488589
685,0.12744981744802988,0.17328583049550308
686,0.0431741105714481,0.10170892365162013
687,0.10757882218936365,0.15818768882641893
688,0.10486479657471462,0.15599961604831886
689,0.06445570314872673,0.125683726052645
690,0.04347214093027409,0.10193000509480354
691,0.0745310627493971,0.1339762763417879
692,0.08329296584527499,0.13943095236294129
693,0.0855237202309675,0.13796936874863824
694,0.10338174212240613,0.15242968870723994
695,0.06687785903179884,0.12618769448433884
696,0.08591740712088082,0.1428191651149426
697,0.05051592987138349,0.1111698433522878
698,0.10402259204540348,0.15596544724664158
699,0.07465045038685143,0.13168283072345627
700,0.08784503941393473,0.14172283539623912
701,0.09341493101602208,0.14849709596131203
702,0.0575800762846486,0.11803457670632163
703,0.05155534871858369,0.10680113308403683
704,0.08534972191447053,0.13751678872230066
705,0.06130674148107293,0.11899373624599255
706,0.08620387348150992,0.14050573644225375
707,0.08135597068486233,0.13909795251012658
708,0.03535679715213903,0.08858091218705261
709,0.1841309184288327,0.20688072841996089
710,0.07159556422030754,0.12399662222258173
711,0.06585319427316937,0.12415713861608371
712,0.07626118679787484,0.13158650000048808
713,0.08949234620731977,0.1488032381249368
714,0.04953475658763855,0.1064380907931791
715,0.03259412113663323,0.08973836897183911
716,0.034969104336767406,0.08769819610991188
717,0.04371144221092428,0.09952638824815654
718,0.07747375076546215,0.1324501251912613
719,0.061242682485909014,0.1193707930881352
720,0.058569539946827655,0.11926070773895314
721,0.09255679483724875,0.14969065500226397
722,0.08532528914009893,0.1401511835951774
723,0.08882363321890939,0.14479849464267314
724,0.045943353404543176,0.10675862181386757
725,0.0544887051068161,0.11307538040656426
726,0.03643421051116117,0.09245816995087952
727,0.024677527965651425,0.07183474855712975
728,0.04215743946258134,0.09807690164135265
729,0.024200438640375785,0.07296205617806531
730,0.06483631632159324,0.12392091108474738
731,0.09510508720561368,0.15039563858163613
732,0.05032952089786441,0.10918832146087361
733,0.08513753967648423,0.14168481433331825
734,0.05148912933790632,0.11031705538684608
735,0.10704158342707742,0.1559235380480454
736,0.07032312782551765,0.12792338566730288
737,0.03742830329778023,0.0968707831508209
738,0.08404083108657998,0.13868940626290424
739,0.043354653759085725,0.09724318849223941
740,0.08010564794066305,0.1349317654939777
741,0.020034839653936612,0.06584600854889033
742,0.033845185124368765,0.08636607803112695
743,0.021977673729666334,0.07108066945357454
744,0.069722485691117,0.12403409622271573
745,0.08549535162582139,0.14125885516674946
746,0.08402878843800037,0.14145845548037608
747,0.06066547528450362,0.11561823029493584
748,0.06488072750074439,0.11834069694333019
749,0.08005139093677144,0.13599116493585375
750,0.03993185838912484,0.0949148197904187
751,0.06773503712342385,0.12644376271884064
752,0.08442230607302356,0.13869712986443752
753,0.02001039203977604,0.06821351964980414
754,0.07093440057931846,0.13145202276423604
755,0.06712586146612667,0.12807277776514994
756,0.08478791056557007,0.14123703292253562
757,0.08671885439121171,0.14469631211999864
758,0.04897250250010213,0.10332172473823914
759,0.05956759288519123,0.11513631042699449
760,0.012281247783605771,0.05083008251771809
761,0.07180702998924227,0.12670090772270062
762,0.05027039409849743,0.10917452671308321
763,0.09793653635707976,0.1529858656754341
764,0.0672091323466402,0.12405746773093926
765,0.11878250733842796,0.16486190709000484
766,0.0557781095323633,0.11605166721687915
767,0.044038474236683126,0.10243638120027299
768,0.06914885698508991,0.1257059085721035
769,0.13602831568305718,0.1793279245933192
770,0.026524309076280825,0.08092438953235515
771,0.1073727340113336,0.15898211634483994
772,0.057244825849960115,0.11034248775069139
773,0.0705089254695952,0.12986056605899982
774,0.028176216872208573,0.08265317141207791
775,0.08179593184375827,0.14014420266483038
776,0.06915934278672459,0.12686747090008077
777,0.08610943663487111,0.1453167429379631
778,0.06866070296209467,0.1260296487800648
779,0.08743918135753809,0.1409927866787788
780,0.06962029606714637,0.12706759209389282
781,0.09923792402520393,0.15450771196864643
782,0.05368476002041302,0.1062888490262044
783,0.07690728253360632,0.13248034343902174
784,0.05787101348480075,0.11491351270253995
785,0.0713674299811742,0.12917983037454697
786,0.07810274647347804,0.13454586822396947
787,0.08482709325182797,0.14346255023575788
788,0.043636768430264566,0.10427475816870084
789,0.08286648565326535,0.13645577578487714
790,0.06271075577931381,0.12217154322171211
791,0.07429802193190274,0.13113472450230818
792,0.0954703154279353,0.14869138615542715
793,0.07982152665019304,0.13783686750430593
794,0.07100344419844587,0.1309402795938336
795,0.15480562988543242,0.19742915461112093
796,0.06346918551711418,0.11804318517767323
797,0.09014666261012602,0.1456912763994854
798,0.059094888166461704,0.11353243078929587
799,0.029286426501153574,0.08508335513550479
800,0.05838247469238286,0.11848808986453628
801,0.09941832063975475,0.15471230739662625
802,0.06485492895240111,0.12327896957373523
803,0.05242019697034307,0.10889284878144503
804,0.09901112721787067,0.15392524989694428
805,0.0688142042889997,0.12794974161186615
806,0.10863127415853868,0.1584282918024664
807,0.05849252924888987,0.11450237288833051
808,0.07579616978004382,0.1326991289851469
809,0.07478509283056486,0.1310630585728848
810,0.12598016453342137,0.17130352833318693
811,0.05050620514874146,0.10593471660013516
812,0.11527419739077832,0.1628844438258172
813,0.05472833631865555,0.10796057793219521
814,0.0812865142220608,0.1363453069210322
815,0.029843869915211537,0.08167115928788628
816,0.04012981643430602,0.0988236942621095
817,0.08259762278897671,0.138666765491076
818,0.05240276232021886,0.11005781063992365
819,0.052198702066790274,0.1044659763186175
820,0.060345888948262205,0.12061113450574827
821,0.02930165852647641,0.08122075151649526
822,0.10837611576835002,0.16037191895075695
823,0.05318938718306902,0.11238625681969477
824,0.09830193319214886,0.15229146230839788
825,0.07801491627326415,0.13420947360995372
826,0.04564014982976719,0.10234963421652732
827,0.050709306621253544,0.10331265707092105
828,0.09619594314483829,0.15239511848800105
829,0.06312066408762122,0.12458846419637828
830,0.056482687822091995,0.11720588411944
831,0.07542289160747469,0.13316515068826554
832,0.0735864532122962,0.13063892828370863
833,0.030886791850124766,0.08701422301026361
834,0.07535681333671926,0.13425482963888832
835,0.04446273636069792,0.10575067567134129
836,0.03576868132759676,0.09131373914048971
837,0.07809444330620603,0.1375217610383862
838,0.07225642627617493,0.1327481741354385
839,0.06345649564592283,0.12586406695580205
840,0.131616444932841,0.17087059080513584
841,0.09458124146343752,0.1416110934729801
842,0.11423531737240263,0.16485998873127286
843,0.04877981336413584,0.10493365528721962
844,0.08921383881485721,0.14536335046333185
845,0.08291482462092298,0.13772911171014676
846,0.051012188083638,0.10520515419729021
847,0.03195935392458545,0.08839842988434758
848,0.04474147246662588,0.10353522081146097
849,0.11146691510642318,0.16258080485127455
850,0.11169595175558361,0.16229359702299082
851,0.05060728970260118,0.10823379853925606
852,0.052218484199836504,0.11308713781524259
853,0.05921727648205791,0.11588993364891953
854,0.032258089400351735,0.08865541759173817
855,0.11251072992336052,0.15716418021524323
856,0.11387400439501012,0.1644026325287145
857,0.07047014742444263,0.1258614229399726
858,0.10085465335716112,0.15565979909704766
859,0.031051532058627013,0.08787375016147782
860,0.02703703586002547,0.07903004619111595
861,0.12877876880707237,0.16926043326841136
862,0.09743266154030748,0.15051538810795456
863,0.10823420820590277,0.16058703898434848
864,0.04866199712039766,0.10498692584348933
865,0.050101428763666946,0.10975155603892109
866,0.09013464341331151,0.1446082568659518
867,0.08773813551057662,0.14365675656577154
868,0.05004388324283861,0.10679563184392525
869,0.05180074940031716,0.10358610885492883
870,0.10599938594694296,0.1552910601021811
871,0.041160065111781045,0.09544498578997274
872,0.01284701418921792,0.055342287905480736
873,0.04704362765641584,0.10562864651501393
874,0.06713716062334898,0.12653902465679345
875,0.10956164723372178,0.15610118644172083
876,0.07579817929141784,0.13247896341731225
877,0.022182563670651613,0.07320525964268312
878,0.04572354079048367,0.1021901781541479
879,0.06141234875677589,0.12068001277852022
880,0.07916334183303285,0.13169884472442037
881,0.05716595388311235,0.11897332598347501
882,0.10623440836648987,0.15747742092721137
883,0.05341989878677022,0.11034576891620045
884,0.09711238054496107,0.15397891415233514
885,0.08353244058657097,0.1368188309934712
886,0.0530668404444985,0.10879449383726562
887,0.10317486222766553,0.15662084923951927
888,0.06577835705180136,0.12051231195097328
889,0.041481278763045006,0.0965039676330655
890,0.06619196481221723,0.12337372349943632
891,0.061405887768831505,0.11681681252166183
892,0.07884437132211028,0.14064538470620638
893,0.07988457021638354,0.1347372444656713
894,0.042962834382348325,0.09896915805483046
895,0.06549669492907868,0.12243905284280841
896,0.03049726042023837,0.0839764753035665
897,0.08484068095686781,0.14376652021229785
898,0.06037145050744081,0.11699579170456799
899,0.04236817970440484,0.0984265236856339
900,0.06828608631853637,0.12932401553164305
901,0.08096955616873097,0.1307588429572898
902,0.10268331034037581,0.15539458185854907
903,0.05674636540716281,0.11330396962619213
904,0.13430468441725424,0.17449375160878386
905,0.031999836000866845,0.0875962484370431
906,0.0637152209326961,0.11697132358263511
907,0.0780854388754855,0.13231243145969102
908,0.10459023591607089,0.15892443413462437
909,0.0934434601231113,0.14951951849374928
910,0.056795905536427466,0.11467510826611228
911,0.08285687368850064,0.1408531242306368
912,0.06924679897657925,0.12857244007951574
913,0.09661963634692096,0.15047605039498074
914,0.057115141499206455,0.1166609860697695
915,0.056089003857017865,0.10814180506405278
916,0.011147641573157346,0.05230101287788722
917,0.040221349926365,0.09728269416193684
918,0.038493203771572504,0.09408288673026702
919,0.060919786929166955,0.11918551210733715
920,0.04470238855246923,0.10141220396522402
921,0.07797878906707836,0.1355500085256148
922,0.10225790890254538,0.15502919587598438
923,0.093009662059031,0.14610518739732403
924,0.03668485264691685,0.0934749270135719
925,0.052741012274880796,0.11174852094066354
926,0.051672188309261465,0.11416015915908777
927,0.0555254232698754,0.11661133515783645
928,0.0863973979141018,0.1446078591189277
929,0.08939937536330426,0.14605328101682766
930,0.06373797000878702,0.12402642112752277
931,0.06116440973824563,0.12225975940872125
932,0.08492170709452505,0.14201384053783683
933,0.05141626715316128,0.10746543103414001
934,0.02991054455992563,0.0873643557474718
935,0.0355158468079807,0.09196478129578671
936,0.049153991038682725,0.10494904683538023
937,0.09238868232073634,0.1444255490982885
938,0.09921183557856056,0.14942961783893696
939,0.10035037504771482,0.15642767951732173
940,0.0210709873093682,0.06719346720583962
941,0.11688702132714421,0.1634217736381508
942,0.039536420110020384,0.09384322583692145
943,0.03883665447221658,0.09372876532471552
944,0.09726977648724928,0.1503978591641747
945,0.058372140323560306,0.11405903667549742
946,0.1106058857459076,0.1619448245202464
947,0.09655087236604826,0.14955628106331825
948,0.07754881063610691,0.13529794009007204
949,0.07169705617500421,0.1309240028396465
950,0.112014944498595,0.1612063224824489
951,0.05138145404289133,0.10490231995479042
952,0.02460298728281746,0.07832608067789024
953,0.09439312711269014,0.14983099527451477
954,0.060940057589677535,0.12162044531243486
955,0.0573707969993391,0.1157574322112996
956,0.128632648962447,0.17748771842880198
957,0.09593287880353207,0.15302607444852542
958,0.04426997851228627,0.10243095255109193
959,0.08891780731759791,0.14623010250867724
960,0.07366015925388852,0.13138618597388682
961,0.0522084929857633,0.10616833614730797
962,0.03258412595574013,0.08641521807939866
963,0.0641438950387015,0.12141967216273658
964,0.04183331810512261,0.0982136068730061
965,0.08042068145032599,0.13655504277494707
966,0.062437201372897974,0.1198456021977636
967,0.07470239156786047,0.13147948774669782
968,0.038614218878121276,0.0914735462736785
969,0.02411804778841746,0.07254036371493093
970,0.02711402157151839,0.07602486392099238
971,0.07519631686730047,0.13231085570409948
972,0.10602469981668976,0.16130187713326008
973,0.09324342481927304,0.1472756915029739
974,0.07129580836236937,0.12630540501216392
975,0.17494976761551,0.2011090113255299
976,0.017938126707231775,0.06759762315682272
977,0.05901105397407494,0.11813884621312802
978,0.06769994850341811,0.12108874208193753
979,0.0917797660472328,0.149027744906108
980,0.08549288305400912,0.14491151049644052
981,0.0928230211807424,0.1484698444442552
982,0.05246477022742699,0.11193452530656368
983,0.0842855295880238,0.14298600132343933
984,0.08694764350301457,0.14254851896721923
985,0.12277404188446238,0.16879576233665441
986,0.03952514540952111,0.09775583557800456
987,0.04834858780542938,0.10727936435086642
988,0.09345077826893294,0.14811126880407186
989,0.06014763782678462,0.11873274145129112
990,0.051477536288027426,0.11063723661611104
991,0.06089261854263092,0.11984894694184335
992,0.10690964826720509,0.15969667093951426
993,0.030172110910392756,0.08732642630826741
994,0.07184071711712678,0.12450535767629058
995,0.12193208002081254,0.1671916446679441
996,0.11856172980629566,0.16844480790931068
997,0.086474564363391,0.14422502174061475
998,0.025918503091650183,0.07559502126556152
999,0.05639499487194443,0.11510112132926005
1000,0.07967802505425174,0.1279629820553473
1001,0.02386911829044365,0.07540522432461882
1002,0.04530805524178073,0.1034643139022667
1003,0.07410362706354795,0.12920234696910593
1004,0.04153540556506963,0.09718121748820087
1005,0.08450059838321897,0.14286349800708012
1006,0.09796056695456405,0.15381563851258667
1007,0.06455331283468327,0.12452887453356692
1008,0.038084988990236573,0.0910296215603063
1009,0.06811232167257716,0.1258031369882996
1010,0.048668416054411315,0.10972344778141091
1011,0.05182275133062067,0.11404591610720208
1012,0.03051907497419011,0.08854724812077933
1013,0.06259798206485814,0.12088690456059861
1014,0.07812396849220415,0.13418216652263837
1015,0.058639925158920574,0.11640786003352295
1016,0.08252919119242932,0.14201197140447597
1017,0.09855004681838375,0.14896751905745062
1018,0.06187990390558602,0.12124205853333642
1019,0.061194497219479255,0.11832632353351147
1020,0.01597877016336332,0.06094118757488357
1021,0.042594875110350844,0.09979629772765838
1022,0.02538337096548251,0.0754980201731981
1023,0.03975903965330161,0.09664736052551029
1024,0.07236710066988072,0.12966161281043848
1025,0.07230206949127317,0.127138257758761
1026,0.03263408476369226,0.08812122165227837
1027,0.08997586972536462,0.14288657746101033
1028,0.0567953257126767,0.11405008674276748
1029,0.09803558505527213,0.1495064794543816
1030,0.09975348050263899,0.15535247367381708
1031,0.08836373706076603,0.1417718308992433
1032,0.04467813064377646,0.10260175954996492
1033,0.03578259162879377,0.0933442018154941
1034,0.12391912374130346,0.16622832287690573
1035,0.0066846473321420866,0.03924930873518946
1036,0.03972101193103614,0.09808187623315956
1037,0.056500038883000786,0.1152492775730977
1038,0.0740473948074052,0.13082811278853898
1039,0.041931599874355005,0.09803606441258117
1040,0.10276725732087427,0.155855772115902
1041,0.03950805831759479,0.09845220119209587
1042,0.05182041657324138,0.11510728097844625
1043,0.049971842317790394,0.1097698971770257
1044,0.017285353724688122,0.06469667661552828
1045,0.07878062141485692,0.134470684448162
1046,0.08613903510130969,0.1460197653124972
1047,0.06870443679196275,0.12496639043945083
1048,0.1134455080887631,0.16345341069880556
1049,0.04289518883473063,0.10032078743843463
1050,0.03549044945949685,0.08841373562028502
1051,0.06255781305626841,0.11847245468303876
1052,0.0951215898944946,0.15057028502241188
1053,0.06525084353811247,0.1253222921269342
1054,0.08242539118986268,0.1377795947179667
1055,0.04644690125444176,0.10727219476884858
1056,0.04316508330602895,0.10180043436907217
1057,0.07438098000036088,0.12631426014542846
1058,0.05057716425243534,0.11037810019562297
1059,0.028345522878532654,0.08163462401437149
1060,0.03678655108763191,0.09293813781084741
1061,0.08405255347737392,0.14175384787698295
1062,0.05713909417586757,0.11726551709667916
1063,0.020896981562501575,0.07060035088412825
1064,0.058281912249570744,0.11384105161499523
1065,0.058493273200883045,0.1190251754469329
1066,0.11558690723991605,0.164730158585233
1067,0.08972876096164076,0.1488776079627091
1068,0.05961620407447585,0.11867353825745146
1069,0.06655537673528948,0.12859947497921537
1070,0.04928433856963008,0.10614906879769138
1071,0.08636891853474084,0.13918631110468424
1072,0.057970198912471044,0.11353510333577331
1073,0.03554070239043178,0.09363740314870542
1074,0.07021935435454976,0.12704092747638382
1075,0.10161685259921555,0.15463882660841388
1076,0.06545142785424378,0.12578321492907837
1077,0.06586332641048633,0.12440790483382093
1078,0.0894650693787239,0.14440408963116913
1079,0.06511643041685874,0.12257352881776128
1080,0.07052750882977335,0.13258449373496395
1081,0.09066617767656746,0.1490890647963144
1082,0.03695783309300055,0.09473743485339686
1083,0.05222291702374046,0.11504391043502968
1084,0.050897499125618924,0.10634484834565129
1085,0.0738307919084808,0.13096995181948295
1086,0.08827691870602297,0.1429888843012031
1087,0.06696699215616814,0.12618900980695164
1088,0.17157123470942487,0.1966565237964119
1089,0.042214530526934066,0.09800689850084103
1090,0.07086357230968035,0.1283562058128993
1091,0.0455360704327424,0.09996151827245975
1092,0.05287449420956378,0.11306929497658057
1093,0.06789853691932402,0.1228090362119938
1094,0.06683682522288115,0.12620443648919638
1095,0.1063922217335729,0.1579501639903438
1096,0.07038580459280323,0.12464975229945138
1097,0.11320058365595048,0.16338658537206865
1098,0.061707813165616916,0.11865468934877438
1099,0.10929233503598153,0.15946622957347384
1100,0.042101163611512005,0.0972546022554246
1101,0.051943149357394004,0.11169518169608271
1102,0.059230101959478657,0.11654015997489255
1103,0.07118406765476273,0.1288835547441113
1104,0.06702727040496528,0.12709602228704742
1105,0.0775236361098546,0.13420081492879649
1106,0.05974547275937386,0.11954443786294962
1107,0.08380134252188516,0.14081907788446457
1108,0.06724952626334484,0.12593877539167503
1109,0.07631031840693603,0.1337094062270771
1110,0.1458542661743119,0.1846190482132443
1111,0.0948547474395604,0.15066544065626894
1112,0.07520538913571444,0.1321278417883836
1113,0.06319560801051899,0.12254141774284691
1114,0.06414758849673022,0.12141135652154722
1115,0.0642005138340164,0.12249032941845592
1116,0.0574613711657332,0.11501862782262105
1117,0.04800168577793241,0.10681878021185193
1118,0.04972951985955553,0.10744496449070666
1119,0.10909297496410028,0.16026228223880362
1120,0.1073676902756634,0.15724908299164203
1121,0.05403181117278521,0.1132549652194017
1122,0.07103096013363629,0.12560070812458296
1123,0.05693804059440567,0.1136625530482777
1124,0.07945627261702598,0.1367616218290712
1125,0.03858189619821801,0.08900995566854993
1126,0.0441974633260068,0.10238766200712095
1127,0.05828165905008201,0.11568073521678975
1128,0.08896886082273174,0.14053307593095277
1129,0.0766295008863208,0.1362798281106302
1130,0.05454665235444723,0.112084624333237
1131,0.08243486311833882,0.13941121040789514
1132,0.07150657391257507,0.12781393482933912
1133,0.03581552284069085,0.08496102867570063
1134,0.060788583595100185,0.12229912989585384
1135,0.05129511285414447,0.1071280787186927
1136,0.027883190316139745,0.08280889314246255
1137,0.1101626115254559,0.15996118839646972
1138,0.07670358100029323,0.13252349615612513
1139,0.059149727295799745,0.11457128282324346
1140,0.055088779368875324,0.11253883981747216
1141,0.05953994015732788,0.11870918346588843
1142,0.03866887219202268,0.08904789143294733
1143,0.060212515167905364,0.11962767837977491
1144,0.0518522509880886,0.11119141262306903
1145,0.0396086662012043,0.09111864224655607
1146,0.10402699532448616,0.1557349677803269
1147,0.07122285218156069,0.13071914605874735
1148,0.07821291790758116,0.13070751451139034
1149,0.06151264992676593,0.11974629049595056
1150,0.10306066661374533,0.15073733966069966
1151,0.05592513979668569,0.1172122376889709
1152,0.08223209717389432,0.14070994301053197
1153,0.05355006297957553,0.11182778617919223
1154,0.06261157050343615,0.12206068922582894
1155,0.06734296897489697,0.12379743839303459
1156,0.11901420144170187,0.16510311884873535
1157,0.05378352960354971,0.1163476553037544
1158,0.058377810903003785,0.11556124433667908
1159,0.08406620522722236,0.1383527917549988
1160,0.04697715444838644,0.1052578502810081
1161,0.057690769708616065,0.11632733968561573
1162,0.05921848627119819,0.11783375455100663
1163,0.029016739453865282,0.08010857137944975
1164,0.057606495284591525,0.11464068128408433
1165,0.032148603319364186,0.08943220776324666
1166,0.04007352350997039,0.0985078730172403
1167,0.09109267057153449,0.14873746117827716
1168,0.09695266006290078,0.14717148402156116
1169,0.07157053045468308,0.12900515705368715
1170,0.05970156416553591,0.11825449410937967
1171,0.07024656097436494,0.13243001957501466
1172,0.05605716772945437,0.11256381926740772
1173,0.10675735169216326,0.1539681306960111
1174,0.04621070499679254,0.10199042241200346
1175,0.1321911339731506,0.1748127155898068
1176,0.04783923157962312,0.10264938288070827
1177,0.032659896432258806,0.0848159689538868
1178,0.05936688493637084,0.11767325426931396
1179,0.05339393834072148,0.10838428754651529
1180,0.04646334370573377,0.10122177949158942
1181,0.0850281625189975,0.13935998975705216
1182,0.09395489877555598,0.14178966836582016
1183,0.023880949326754712,0.07599508658230257
1184,0.08039973605998617,0.13792415179963022
1185,0.0521289107426908,0.11083350507308025
1186,0.09906386772283968,0.15293737568728732
1187,0.08057852227304677,0.13838320497442205
1188,0.04817884496611909,0.10876857334405879
1189,0.11035149186784661,0.16128340451373296
1190,0.051095146577509874,0.10945245825901875
1191,0.06996737439918933,0.12283970215793226
1192,0.0872863911082715,0.13621020041722257
1193,0.04336247034934737,0.09534678779780559
1194,0.0661540654367089,0.122507365457038
1195,0.08054816781955146,0.1363349263163432
1196,0.070714063454419,0.13025596216732724
1197,0.07159402627274371,0.13008785997795777
1198,0.06082309687504635,0.11877472378330142
1199,0.08952215125361773,0.14377875968689716
1200,0.08243720987378717,0.1333514060376298
1201,0.0612701740984543,0.12281819901731715
1202,0.09448089032025611,0.1486139856953799
1203,0.03205419998305507,0.08881328422136392
1204,0.07530423968527103,0.1326861790007657
1205,0.055895449266329215,0.1159068006172408
1206,0.05435372086280795,0.11610951010823761
1207,0.08387548603759379,0.14045009648967632
1208,0.06508113115708435,0.12394579507646813
1209,0.10274496559069832,0.15593649030850593
1210,0.0539180611935413,0.10687290527728499
1211,0.08993754108484488,0.14657240751619566
1212,0.10250150432911201,0.15710425848845772
1213,0.09297924591262975,0.14525806914411632
1214,0.10406822842551672,0.1551928828173173
1215,0.07470265411071983,0.13536584034470214
1216,0.03610371159114789,0.09359679532662449
1217,0.08977601715589216,0.14586244561507183
1218,0.06557362430392111,0.12115689770102601
1219,0.07438558875124265,0.13101142226562046
1220,0.09096137753968292,0.1469195225992998
1221,0.03696970944223989,0.09121675338497692
1222,0.03682846979715024,0.09032867391453912
1223,0.11196732114173742,0.16418211216891446
1224,0.017002962736185588,0.06051455106827552
1225,0.0910983639874036,0.14893598351484774
1226,0.03638667970529937,0.09171567969981656
1227,0.03921161153502576,0.09296310315982316
1228,0.030249928937932463,0.08620768086444068
1229,0.08411539243304714,0.13974147422685998
1230,0.09453429823073703,0.15349785832982651
1231,0.06419815367073024,0.12203758870970029
1232,0.06968775187702618,0.12891986620858134
1233,0.07763947625527087,0.1342625743769224
1234,0.10514285876854293,0.15752678662669592
1235,0.0687201793624163,0.12327803707254975
1236,0.09403734738389787,0.1519457354997135
1237,0.03187820285871255,0.08540972556491196
1238,0.08506335094230442,0.14283670351597175
1239,0.018500864583919342,0.06781835663236009
1240,0.0758561980629472,0.1313717707554394
1241,0.09895286513785784,0.15287155527818072
1242,0.06629638533991787,0.12522052153621407
1243,0.10895030455578172,0.15887765858439318
1244,0.12368582207899945,0.15967133949960383
1245,0.025729107485641788,0.0777557870595944
1246,0.0925182079097125,0.14762329880567548
1247,0.06502138765625587,0.12188767678081597
1248,0.08555010874465582,0.14115083810448079
1249,0.11662972322032544,0.16547079795626113
1250,0.03751878745831548,0.09214055774714948
1251,0.10350017945607128,0.1548597829970979
1252,0.06022267866685217,0.11837303986468233
1253,0.05490975612248832,0.11445878573638735
1254,0.015736610329160558,0.0625935564942763
1255,0.09290391467235168,0.15007501741006055
1256,0.07284992908936039,0.1353475133824405
1257,0.04094081980373598,0.09422135542295072
1258,0.04933394061479891,0.10832432076699879
1259,0.0749025222654513,0.13269383830707715
1260,0.05092791729952824,0.11016838065110734
1261,0.06558103432620127,0.1196062982830163
1262,0.12799523129693632,0.17367566812652668
1263,0.0689607607634113,0.1261060694945685
1264,0.04206678659962887,0.10126233960091605
1265,0.09484043272417864,0.14622565743968877
1266,0.07108377540592889,0.13076498353056645
1267,0.03829367016819668,0.09489539561355181
1268,0.04945716861550943,0.10577982628508259
1269,0.07042290899618092,0.12887040789557444
1270,0.04129194637477952,0.0986815096250441
1271,0.05865526230874249,0.11711365412070288
1272,0.06922462679507053,0.12825422814075285
1273,0.11448006413087296,0.16071550033290738
1274,0.07689221844137668,0.13198051264881397
1275,0.043434156541295676,0.10154995557868031
1276,0.06957959660783519,0.12618401314354255
1277,0.06426870946967961,0.12240858135622744
1278,0.05548577854893992,0.1112029868141273
1279,0.07300071648304693,0.1321475251993104
1280,0.05742993147273032,0.11957253477207476
1281,0.06502162749241028,0.12300966578937143
1282,0.06607292418503224,0.12219160376576076
1283,0.08643224505688549,0.14387803358045978
1284,0.11969324033287133,0.16448452455322782
1285,0.08625286047383167,0.14050965234141685
1286,0.12550472913130808,0.16774936656319697
1287,0.13255859770744474,0.17123375842797048
1288,0.04818802184694643,0.10735194733027767
1289,0.07085926269517942,0.1251423896036304
1290,0.05450264903147384,0.10960120566778614
1291,0.050431293709535335,0.11244776089041124
1292,0.03421002873828363,0.09184326936884658
1293,0.04820753823341323,0.10933805828815964
1294,0.07227908292461521,0.1281217986191342
1295,0.09309320538840743,0.14773742061538037
1296,0.08852598099626412,0.13873703399836934
1297,0.04646634260854414,0.10724287103375707
1298,0.05691862167943027,0.11294022090321608
1299,0.04843840755837102,0.1083953094466939
1300,0.03769984976053358,0.09677832286677425
1301,0.08718920375436963,0.1435144980457835
1302,0.026808909477455498,0.08325806828821303
1303,0.02624973446883598,0.08103826708541619
1304,0.03061032008191091,0.08592137640929594
1305,0.041724279672812295,0.09873394659940006
1306,0.10721714258806778,0.15578695354558011
1307,0.014013338654141694,0.05478333193392296
1308,0.07419263680228205,0.13198286552577004
1309,0.06320638487167893,0.11817524912704326
1310,0.04335169110263754,0.1015336348821366
1311,0.09951753559321906,0.15297474238555833
1312,0.023411500921930124,0.0704497230140139
1313,0.08227486812221164,0.13707114060400538
1314,0.11610673502791699,0.1635295812224855
1315,0.07434557034070581,0.13319549247227297
1316,0.023167418873593207,0.07421965731827544
1317,0.05994705907100137,0.11879480526252523
1318,0.08108280742911497,0.14101193415778512
1319,0.07341463755500499,0.12729680957013156
1320,0.05143280551922083,0.10570587333504154
1321,0.08999927180198396,0.14093254779211195
1322,0.054439686890582276,0.11318539349729599
1323,0.07363550723898951,0.13174206717105785
1324,0.0458992412942645,0.10184530960197068
1325,0.05728049190616191,0.11092347400079805
1326,0.07994965373317409,0.13842151294106042
1327,0.07533649112568806,0.13151361239833417
1328,0.04683491958542704,0.103769371594717
1329,0.07039215674515051,0.12872501632635794
1330,0.051729771595795004,0.10762108130671398
1331,0.040757290380099884,0.09466719616860299
1332,0.055317048399264344,0.11294508527729555
1333,0.0512243424685161,0.10294820691094851
1334,0.03290757719386271,0.08935438545622852
1335,0.11036424722384071,0.16111544592288424
1336,0.05532556964820677,0.11167641883239074
1337,0.046477082867395395,0.10801580892356084
1338,0.053877717754354876,0.1133622820671243
1339,0.04405915064100594,0.10125715892397576
1340,0.06668931068256775,0.1241338143695218
1341,0.1017685998719312,0.15751912226918457
1342,0.0890236307494947,0.1426415109216723
1343,0.051178193541371944,0.10974773663812376
1344,0.10343893721571848,0.15872781743904463
1345,0.051608977570077784,0.10751648014314696
1346,0.08550302190944786,0.1429360640756126
1347,0.07049503954570722,0.12415146490858273
1348,0.10198822488402723,0.15524302283204022
1349,0.10156460108033877,0.15282945037554055
1350,0.059030149321403234,0.11654988090728047
1351,0.05422088817672996,0.11385902171129215
1352,0.07910024034442033,0.13431122205742785
1353,0.05641347884409273,0.11515806447128689
1354,0.07962235480233171,0.1320731120170086
1355,0.13048984087633744,0.1762698349351605
1356,0.04721238145792478,0.10001709083684099
1357,0.06262534345721887,0.11619473708410018
1358,0.07591562616341765,0.13294323121522283
1359,0.08138929042466163,0.1370759046378722
1360,0.08858640710589014,0.14058718373735452
1361,0.05883994973209679,0.10988430618512937
1362,0.04490706470706714,0.09990381507752123
1363,0.08763110200668686,0.1453076853153131
1364,0.05614954578012791,0.11385467868020882
1365,0.07199076167822248,0.13082492119903072
1366,0.03881628329366965,0.09465333533189342
1367,0.06282490402748336,0.1170930301292701
1368,0.03620997729141809,0.08822314735559124
1369,0.06579005522887799,0.12060445505026421
1370,0.03345264676107139,0.08990916882957915
1371,0.09069430048040995,0.1416105343428723
1372,0.09424143969203569,0.14571585831514217
1373,0.05945568912785157,0.11359606801202615
1374,0.061325167681709224,0.12262215826452762
1375,0.09229505449585963,0.14854462361812368
1376,0.10429265179776905,0.15596781567084164
1377,0.03852482585088696,0.09477096319326846
1378,0.10454458802159038,0.15643660994675257
1379,0.09698704274373988,0.14825062736557407
1380,0.0561669959762973,0.11183429651042262
1381,0.05861435643744028,0.11451670147584651
1382,0.11268398447891138,0.1642966686851305
1383,0.08235262230344395,0.13481557301433014
1384,0.08531845840168215,0.13913460083518944
1385,0.07760214273619334,0.12860087281367782
1386,0.04258370598041104,0.0986476441007641
1387,0.05963513547290274,0.1192084733696582
1388,0.06669743786483641,0.1268707471338967
1389,0.05902563916043352,0.11245519575015121
1390,0.07645629617035216,0.13298611083399067
1391,0.06338143510350859,0.11829086216489444
1392,0.14043189001526876,0.18345688879179323
1393,0.06378127822436551,0.12305476621977818
1394,0.1032509864226236,0.15770064225708444
1395,0.10217500595339928,0.15670876572004153
1396,0.04841448549137769,0.10753733957986102
1397,0.04923016301390173,0.10442250520191232
1398,0.04864487337980857,0.10166506749337227
1399,0.03966314398009293,0.09381687918720236
1400,0.07141425688897976,0.12820572174426864
1401,0.09500134661739776,0.1451631299648793
1402,0.04178360644594925,0.09699441387686951
1403,0.028413276053727773,0.08084730818156706
1404,0.08222856352887092,0.13966499022747303
1405,0.05131202964582449,0.11130415289818467
1406,0.16007535638237783,0.19394024319276804
1407,0.08802772010559032,0.14270305606548475
1408,0.028407601423867185,0.08400978059929118
1409,0.08030417908880719,0.13588625519253023
1410,0.07623127517548935,0.1343191502397945
1411,0.057976138233081384,0.11368033328485783
1412,0.0768796164756232,0.13685581524262788
1413,0.03867574294888374,0.09000135948637418
1414,0.07581733740102226,0.13008249637808425
1415,0.06309818107510437,0.12181740249750563
1416,0.0704344576958624,0.12406629996271239
1417,0.08975832297705168,0.15058187141724697
1418,0.08341287094854553,0.13559657686828738
1419,0.11579771403778473,0.1619384959140051
1420,0.04305105548386458,0.09710053896226463
1421,0.05166609555218895,0.10939097491452349
1422,0.08137242074405102,0.13956253002200944
1423,0.07160347729082331,0.1273128250746798
1424,0.08436118344547733,0.13884763071293585
1425,0.0573655573009762,0.11402325980838085
1426,0.0920574968239333,0.14651744141635917
1427,0.09233082404234182,0.1457051604502017
1428,0.1036366286460641,0.1550757519109654
1429,0.09514637288199149,0.15066705397960103
1430,0.04773590629667364,0.10523036438070495
1431,0.029457547355964144,0.07774883251887389
1432,0.06584760437937816,0.12076842186078998
1433,0.06453055977666536,0.12158388516208336
1434,0.14354853489177394,0.18422246512257684
1435,0.028482078714541562,0.08363632384647944
1436,0.04710796267608081,0.10548479690014141
1437,0.09139747343916849,0.14575335149870688
1438,0.03944639602955209,0.09287558185594069
1439,0.10118569553339651,0.15044031938494082
1440,0.06894613911426276,0.12084544695804171
1441,0.0756075555127304,0.13320189679919867
1442,0.04598728089556686,0.10323940231204862
1443,0.05608983875072025,0.10967954351762882
1444,0.10222340590586895,0.1526744761856319
1445,0.05696593275577996,0.11533649504350191
1446,0.07333112085128649,0.13000339524884705
1447,0.04730382773617217,0.10557551457914408
1448,0.0858092661727235,0.1432387572420937
1449,0.06939269100117687,0.12712930497271716
1450,0.044270086400905406,0.1044852613507615
1451,0.022871608736884604,0.07033821629053008
1452,0.041159238305919305,0.09718815527400082
1453,0.04467993769702953,0.10196061018437813
1454,0.06585050043493047,0.12616098958651015
1455,0.05286693077090207,0.11198305784081782
1456,0.08684773988283906,0.14321446746351493
1457,0.07445277015341696,0.1301159744758939
1458,0.06695277740307096,0.11998723522856514
1459,0.03616812610276225,0.09231199991992191
1460,0.050861830520000297,0.10919297712149843
1461,0.0810192290929995,0.13715051661946837
1462,0.03518035544289483,0.09129386780143532
1463,0.063673275315298,0.1197752330540078
1464,0.08283841366632624,0.14170298304045564
1465,0.06144163041919865,0.11488701387591009
1466,0.04390179714417311,0.10107074741027808
1467,0.10525552852827848,0.15620223156113186
1468,0.08225459140575078,0.14307554411366488
1469,0.09304739392246533,0.147056379340277
1470,0.0402713744887268,0.09750359977869022
1471,0.038531450880670434,0.09403217770140239
1472,0.049941966290151275,0.10768652489583885
1473,0.04398817677359403,0.10307677482186275
1474,0.048957905561150435,0.10229441490656417
1475,0.07359020214412601,0.13502097731365548
1476,0.035188836903870147,0.092480987187453
1477,0.11633337941237423,0.15851669610520047
1478,0.08622412568400178,0.14280019405548292
1479,0.06787298252053009,0.1266858332902581
1480,0.020437425702938827,0.0676804793483461
1481,0.08117885781596904,0.13841350902974428
1482,0.019235718119494465,0.06904966561230008
1483,0.04396975554558359,0.10069321512308882
1484,0.01625930746016395,0.05988779684704577
1485,0.10048285883158592,0.15439328251116544
1486,0.07924669192747506,0.13720997297100532
1487,0.05766416021920169,0.11278297551213025
1488,0.10550823069123766,0.15478744027106175
1489,0.09959566190154831,0.14908584221015234
1490,0.030613876777405617,0.08504574358242466
1491,0.05855847441135117,0.11988351502332988
1492,0.03696918701170454,0.09132331340705539
1493,0.061347337987172894,0.12066133694551436
1494,0.05771416587279247,0.11858408897564653
1495,0.05830240230127023,0.11916804957719092
1496,0.049153900378233695,0.11140329805300955
1497,0.08434365281819892,0.13920191812754892
1498,0.040382267243921105,0.09892332891908762
1499,0.07230252262823138,0.1335232131521641
1500,0.07088430105655226,0.13006971455346344
1501,0.0706550230557341,0.13067433393955558
1502,0.06759562532797138,0.12391472616844545
1503,0.02820011007164178,0.08380015258646437
1504,0.12258645922216257,0.17118219073795163
1505,0.04976917978369111,0.10680561527392836
1506,0.13537774986883888,0.17846292963670626
1507,0.051768325364264546,0.1094170271844294
1508,0.0733485156042577,0.13255523437585753
1509,0.07326083773505017,0.13242248198165896
1510,0.06893263184191528,0.12735871120377715
1511,0.04007280147864159,0.09771584953038469
1512,0.07500273516404846,0.13214117916803433
1513,0.07721070693676906,0.1345115843191827
1514,0.06182905345027974,0.11883684105288773
1515,0.10562766756912237,0.15428838380701024
1516,0.03899319977690414,0.08986561505752119
1517,0.040803251787925265,0.0962996672755997
1518,0.06359974899705471,0.12609806184522782
1519,0.09182020139590316,0.14806308955390365
1520,0.059015278470756896,0.11895536083182721
1521,0.10223499442021294,0.1553493022789562
1522,0.04900455035941543,0.10589035395880914
1523,0.04887682151853797,0.10816804235097863
1524,0.06897224243907965,0.12624692801460033
1525,0.04425500653233787,0.10041334670348329
1526,0.06350170900363689,0.12541859616412795
1527,0.06471418015296562,0.12374291971228138
1528,0.13940421664502084,0.17211492714309343
1529,0.07526799047462042,0.1318884767161802
1530,0.06579034085689678,0.1263654036936282
1531,0.07789852391198315,0.13367594657728593
1532,0.14064560383683203,0.17933175481556293
1533,0.06476469351797687,0.12397592129573157
1534,0.030586997169683605,0.08273196130281463
1535,0.08611098422546326,0.14243737754755534
1536,0.10416355588596962,0.15578991787113333
1537,0.05727545269232091,0.11447613779727174
1538,0.09911465776699044,0.15349769261961488
1539,0.07130620395459372,0.1296207045701173
1540,0.07669662171406222,0.1279235351642752
1541,0.057525219848059264,0.11644333615539289
1542,0.08027639067802549,0.1323234417823394
1543,0.10223524029599895,0.15762708706320866
1544,0.11017218917497446,0.16220658238669597
1545,0.09420116591512556,0.1508527938063348
1546,0.047920111019245745,0.10430573944474954
1547,0.06551774444532653,0.12661183865447107
1548,0.07326510829263082,0.132499969422166
1549,0.10784321504055173,0.16049585113645037
1550,0.05433297429466648,0.10976171699189538
1551,0.05439893618736515,0.11322745877404194
1552,0.042152779922996264,0.09978374601601392
1553,0.04857374487768734,0.10673452326436991
1554,0.11807644437616363,0.16664944473170215
1555,0.05324514702154443,0.11338974009328148
1556,0.02336597968957395,0.07600022777648498
1557,0.04208727173620462,0.10221644841752911
1558,0.10401142713289585,0.15685469829536738
1559,0.06794696831353328,0.1274702647573186
1560,0.0960465919164912,0.14602470129643705
1561,0.07590095973297745,0.13363324810237218
1562,0.05679979473837518,0.10779527573567083
1563,0.02163724202430681,0.0736835654929886
1564,0.07198651316091444,0.13224592605486524
1565,0.06609480072131843,0.12342537370993666
1566,0.04079501265319152,0.09415471450506578
1567,0.07460120775302001,0.1343245530557162
1568,0.05909813332125377,0.11809086387140644
1569,0.09029942218952508,0.14276927035097614
1570,0.09238733675348668,0.1483899933269072
1571,0.04929724246802333,0.10721846101304598
1572,0.025829194321444017,0.07488721421159228
1573,0.05512567603922373,0.1135049927559124
1574,0.07416114513869074,0.1319479569530188
1575,0.04497425277551756,0.10541048647823081
1576,0.09760139924272299,0.1466375921973231
1577,0.04525984063413489,0.10204848324406625
1578,0.08058103588167806,0.13975630396247263
1579,0.07635755727078589,0.1339465782140902
1580,0.061387046789774635,0.11799673261419796
1581,0.09546502483469246,0.14978841932647696
1582,0.04464089103430407,0.10022237474992635
1583,0.07877012977495249,0.13935544428913163
1584,0.06513046598425408,0.12004707997154751
1585,0.07924577316610018,0.13223438744805172
1586,0.0631600926097094,0.12088883270130081
1587,0.0913003878183019,0.13853092703994352
1588,0.035912847577489436,0.0923567968921775
1589,0.07470385502443878,0.1296822142137735
1590,0.08151432988515378,0.13966678394772053
1591,0.06727318727425745,0.12582913426346806
1592,0.04292901413554484,0.09965663692604183
1593,0.1148010677978957,0.16072667593711112
1594,0.05279504671745621,0.10967505655256382
1595,0.07079218987865142,0.12845589251873119
1596,0.056333961073418606,0.11203265674525488
1597,0.06853416383506779,0.12778350200797423
1598,0.05587067739672706,0.11548405992653615
1599,0.05299841571430281,0.11256967832843491
1600,0.06720465715963256,0.12736489873153295
1601,0.07565024289397568,0.13526632458088167
1602,0.08314435900236139,0.13798033780145427
1603,0.07919035480868275,0.136512162604321
1604,0.0738999637020464,0.13118388007060242
1605,0.06654927416137178,0.12235633280212993
1606,0.090387373325721,0.1425825566971705
1607,0.059705664594745876,0.11966638670012368
1608,0.06263315333588497,0.12018363736272046
1609,0.037292503924289865,0.0935184435078974
1610,0.05276345260971771,0.10886785710617107
1611,0.0796731333119765,0.13437709489811067
1612,0.06390714650975154,0.12045935425657328
1613,0.04425674055245946,0.09843638391927718
1614,0.04780903989276663,0.10560880343463794
1615,0.04157357233789552,0.09229168164427336
1616,0.051924033381930676,0.11076704699309683
1617,0.09698248128379944,0.15238078868940233
1618,0.0584458757468343,0.11823511476083622
1619,0.0993476184797911,0.15658390261771826
1620,0.060971312436921055,0.11665762441343203
1621,0.0736602454081848,0.13047303069698699
1622,0.06265520780093384,0.12106177048538742
1623,0.09479393843906211,0.1500800500652861
1624,0.07918657641193148,0.14000790757731857
1625,0.08967072792502287,0.14239241994724391
1626,0.044508942934917466,0.10272634580360164
1627,0.04132332260181872,0.09707587759278831
1628,0.09326314939659427,0.14978452389680438
1629,0.0594655144276485,0.11675033105737424
1630,0.06637017561164212,0.1247219014491587
1631,0.06801750259551011,0.1258592881474211
1632,0.12306694507265076,0.16258965263820932
1633,0.07792146918930895,0.13347543645520826
1634,0.08356293260814193,0.142780252252231
1635,0.08607037183120858,0.14058945002699547
1636,0.1251348078126177,0.17039929307137225
1637,0.08386124819733722,0.13550006140477766
1638,0.09013268119993056,0.14361370181035488
1639,0.0788723276403124,0.13811936527804672
1640,0.06440103504974304,0.1226999108534955
1641,0.06023005108801624,0.1194071070322489
1642,0.07134654834040452,0.13222818464099628
1643,0.08385736159509631,0.13849735073059727
1644,0.08586525322751735,0.14409964701045105
1645,0.04294675592573445,0.10389150774655577
1646,0.12515578729683738,0.17013345875511204
1647,0.06668451163165359,0.12525970805140615
1648,0.04619213977208681,0.1046062808013144
1649,0.05877015753039583,0.11390430054322315
1650,0.05266480606112943,0.10726293118481948
1651,0.03070817933129067,0.08230700259283034
1652,0.0670850514371141,0.12460321719247414
1653,0.036408978698428435,0.09171083769970165
1654,0.03611758499262853,0.08962521783381563
1655,0.08614016616390328,0.14314078533484514
1656,0.07898378917916254,0.13479352105609343
1657,0.08482448067931922,0.14193548116521823
1658,0.08495014199088843,0.14096505282354163
1659,0.08682342191506513,0.13936175839502157
1660,0.08405484576421507,0.14366103143001166
1661,0.09741097775887686,0.148838760010469
1662,0.07885288505744356,0.13267313440329756
1663,0.08315875523948751,0.14125359601148166
1664,0.09591565542756042,0.14877288085216794
1665,0.088721496613954,0.14400279809785435
1666,0.05356407896053769,0.11025879551665388
1667,0.054902028297528965,0.11226849457214369
1668,0.03131934921521801,0.08835412925345454
1669,0.11476785595421891,0.16235025468142472
1670,0.05527070847257461,0.11385636505314259
1671,0.08837642439426292,0.1402883953483408
1672,0.11349242042853928,0.16129943390133913
1673,0.08543629896053595,0.1425979833695289
1674,0.07928525314090212,0.1329753738088169
1675,0.05765128036771522,0.1160845852052732
1676,0.07341881045522239,0.1335132572507279
1677,0.03592370999366891,0.09100718141910641
1678,0.08258774115775451,0.13473330891120247
1679,0.109170178992535,0.15788604306343698
1680,0.01644461234632024,0.06478085694596716
1681,0.05156511513035998,0.11425166491774784
1682,0.0623830375525633,0.12167962058455292
1683,0.05647135204210364,0.11555711502537984
1684,0.04161907710062204,0.09786472007548473
1685,0.04898841572583285,0.10765337058665864
1686,0.10251233419943412,0.15677296703683954
1687,0.07804762826249467,0.13461942877527597
1688,0.09684067860305345,0.14529874215975266
1689,0.04386881355734966,0.09882530300640213
1690,0.02597466282938603,0.07834210333155715
1691,0.08548837692219445,0.14323130146616234
1692,0.08252733000790963,0.1418406999467593
1693,0.07344895614676335,0.1298346793205677
1694,0.09747417750475398,0.15041502293321393
1695,0.07070241641469298,0.1241862060068675
1696,0.06803201664581027,0.12507346251146775
1697,0.09921124944021664,0.15254177348503595
1698,0.031528250792937196,0.08742760351512494
1699,0.08754205571451507,0.147311862558527
1700,0.06287847225633074,0.12019247959592279
1701,0.10302055586088697,0.15458644074207484
1702,0.04999817094480647,0.10657846942984962
1703,0.06224667713671177,0.12166681848911959
1704,0.07296612552362586,0.13401056513034623
1705,0.08473962775849864,0.1374056047629437
1706,0.08642287481797836,0.14355585927630515
1707,0.08625954469220445,0.14255740172446882
1708,0.04888212015399389,0.10612435349395793
1709,0.05438599795141512,0.10927292145696464
1710,0.02389476598541026,0.07167069160852492
1711,0.0801785251211349,0.13841765829823552
1712,0.0384007317377424,0.09444517843766148
1713,0.05263812637211213,0.10927859097630524
1714,0.05211251571103577,0.11127417896089829
1715,0.08329374493068756,0.13923740057075087
1716,0.06483949274893334,0.12177613956256024
1717,0.07067355996318567,0.12551356406351022
1718,0.045426085158829684,0.10201606167292443
1719,0.03741245102369106,0.09538055149915715
1720,0.05072459092994272,0.10856029867235502
1721,0.10569996823985396,0.1554389844601443
1722,0.02652077130172215,0.07907620567256149
1723,0.03954088560099897,0.09253212467955743
1724,0.09927934535204516,0.15479826085422208
1725,0.08372585639760625,0.14138610952674477
1726,0.09002256336430005,0.14880611052706258
1727,0.054776388184974226,0.11116914948809824
1728,0.04701764121448598,0.10641573445016193
1729,0.09239675641238139,0.14869810752380838
1730,0.06126460638617017,0.11334540503367578
1731,0.03838412309076538,0.09574304544179475
1732,0.06847086877182917,0.12305539591250951
1733,0.03338269829897781,0.09032606840487482
1734,0.07987899287200599,0.136276170914354
1735,0.06643825407359082,0.12408731909170465
1736,0.07850410851354919,0.13567098207366454
1737,0.07363399517596654,0.13214854701617074
1738,0.039109269638861396,0.09176781072139219
1739,0.048489823920395914,0.10579583130601088
1740,0.05759629187896797,0.11770002509121645
1741,0.08351475883765878,0.13956770497590074
1742,0.13319972421712825,0.17926195917709123
1743,0.025422330337129956,0.07939126955199842
1744,0.07107229485719206,0.13057129748860227
1745,0.05226091607805368,0.11293086565460501
1746,0.04125539459206824,0.09771822702433496
1747,0.11451693800890125,0.16705612199708075
1748,0.07073106738785899,0.1266117833962467
1749,0.0949154304625066,0.15017959653792656
1750,0.07699234069064016,0.1349027699711537
1751,0.15427048396435464,0.19091696695373908
1752,0.11905583594576016,0.16605163788811172
1753,0.10336745012903294,0.1568761155814398
1754,0.03829499918996687,0.09459554351153704
1755,0.02188196682683783,0.0726539791341989
1756,0.03520753436986239,0.08960821478540358
1757,0.09333407407202728,0.14589805987826335
1758,0.09896391166339774,0.15496212921801786
1759,0.11998455559686895,0.1655045817846353
1760,0.044849163725795005,0.10586090980705205
1761,0.10917454607087915,0.16034698457715185
1762,0.05954015854486426,0.11517327011062155
1763,0.018251688944680475,0.06622475735823273
1764,0.012520034951685013,0.05455092195446172
1765,0.05543272227906346,0.1147372085949032
1766,0.03691462424032119,0.09094854454090037
1767,0.11467602307065744,0.16300284133058554
1768,0.06894239103326459,0.12387659369898711
1769,0.10440464126738402,0.1586043273777115
1770,0.08305822793049653,0.13637719547245447
1771,0.05878665625103828,0.11786162787329406
1772,0.12554906452647635,0.1684431797327652
1773,0.054897205475853035,0.11262503910442993
1774,0.06005698652304585,0.11826222661998158
1775,0.08954157622011816,0.143786074975224
1776,0.07922472640526176,0.1377549359680016
1777,0.04377688873921314,0.10247061310842277
1778,0.040721830690600674,0.09870242939936519
1779,0.05299458238206587,0.11040020737741883
1780,0.05458448540432659,0.1140483219995782
1781,0.15945805389134207,0.19119663548873125
1782,0.06448271022525551,0.12412942117874651
1783,0.0434568049199172,0.10153195132422443
1784,0.08791011391536437,0.14334696218476412
1785,0.0569207217508703,0.11950170776070783
1786,0.11477929378947456,0.16378938212521413
1787,0.07196622404557709,0.12959117211816104
1788,0.04846293137014692,0.10640689199061014
1789,0.0380331071385437,0.09477381065351878
1790,0.046941473314111595,0.1048346671940215
1791,0.04959351148247555,0.10363383667012617
1792,0.10346584338037255,0.15470989610811672
1793,0.07910097703629859,0.13694385790781385
1794,0.027886779272083596,0.08469619597690399
1795,0.06561657639655491,0.12430892457742454
1796,0.02661795171759702,0.07527082463556968
1797,0.09677347350679723,0.1498141433200467
1798,0.08089605846044051,0.13796617870486155
1799,0.09109842490221647,0.14583781570265622
1800,0.09357745642623826,0.14425475664405696
1801,0.07514842402381566,0.12854372822699392
1802,0.041983838389458586,0.10153300298335537
1803,0.07648849781086109,0.12999215852899146
1804,0.09897916785558161,0.15115188180518688
1805,0.10094094384001555,0.1508092140519401
1806,0.05093042514203277,0.11037482219448132
1807,0.032605889367693715,0.08524925368523675
1808,0.07625547932202971,0.13534787468230916
1809,0.06423340070154009,0.1189583172649911
1810,0.06961128766775052,0.1247363209046611
1811,0.08318040538585719,0.13825508350748775
1812,0.07688422999835175,0.1358846111813214
1813,0.0961458570683557,0.15383355835545828
1814,0.0874252834652424,0.13964832982405834
1815,0.08229437668503074,0.1347818084790452
1816,0.06691116243199839,0.1251444823139257
1817,0.09263041754907532,0.1434603694815801
1818,0.05009474492764794,0.10979495852209992
1819,0.09634801531765878,0.14962358349322571
1820,0.1049765115404016,0.15458629344744249
1821,0.13867241421417534,0.17813707472959908
1822,0.04958837228015331,0.10977348953735369
1823,0.05819565569460182,0.11718279818465828
1824,0.08915798777113684,0.14600524471384588
1825,0.11505868883163524,0.16632855192176543
1826,0.08641337329555197,0.14047749832092432
1827,0.043444524357859,0.10223090407655651
1828,0.12192429416589881,0.16619763288159156
1829,0.06924578819067728,0.12819069617552725
1830,0.09653126696914661,0.14823566351408776
1831,0.08513811682905924,0.14080814188015384
1832,0.07318108658194464,0.1325322829994179
1833,0.09737290789825892,0.15139831587908442
1834,0.04689855733055946,0.09827625926492552
1835,0.05270045285645086,0.11092784809792543
1836,0.07774285758608708,0.13045413336101538
1837,0.09689700090012318,0.15042884839484322
1838,0.013109441109035273,0.054865596841614434
1839,0.03148733392173767,0.08151478202041602
1840,0.08712191078711054,0.14080305265233106
1841,0.06468976180110199,0.12391700420294692
1842,0.061825228918432396,0.11916172485200338
1843,0.10330454192442046,0.15136231225342725
1844,0.08994880992646909,0.1443934858200907
1845,0.07447584070024797,0.1332331957760142
1846,0.049725566383708314,0.10863831204384315
1847,0.062004643502694023,0.11546652868438982
1848,0.06388051823929562,0.12127865846153688
1849,0.07523609410122997,0.1337697723763719
1850,0.0753907846292063,0.13112837560129012
1851,0.09785672361148894,0.1495281907152731
1852,0.09762274378112255,0.1500437678495267
1853,0.07419236106296673,0.12896775724293585
1854,0.09729905568387509,0.15291720693491298
1855,0.041334743610178755,0.09492955140234619
1856,0.11439766523350481,0.16031765599236017
1857,0.09462560233177018,0.1512685124741358
1858,0.10874776734880642,0.15979965075085456
1859,0.036981147078913326,0.0971234704910954
1860,0.04782984125729613,0.10398434858469505
1861,0.06794282642040175,0.12270894744441246
1862,0.06060846332953354,0.11874787033351827
1863,0.0439832121370583,0.09939666700066438
1864,0.09978810717620101,0.152335773498877
1865,0.09688287800250332,0.15155900681999843
1866,0.09286700322625416,0.1505446606098354
1867,0.06291216956186377,0.12068440998228425
1868,0.088277244923463,0.14133280996637193
1869,0.05646757767052198,0.11090385294949355
1870,0.08080462989626247,0.13631157810344444
1871,0.09097954726569062,0.1466944455867302
1872,0.10266304462154649,0.15471812971368998
1873,0.08111841402084165,0.1376795318190327
1874,0.030906995032565058,0.08668406420414754
1875,0.08899345974617287,0.14528944590316306
1876,0.06403483415397429,0.12289633407428449
1877,0.06769600658168817,0.12500846399894824
1878,0.04175948763947723,0.09915512789858488
1879,0.07170519978919593,0.12698158420727013
1880,0.07908110142736853,0.13907264998212449
1881,0.06495049909831416,0.12239944631186873
1882,0.05229861766611195,0.1084631559048747
1883,0.08621995134861832,0.14161898375617157
1884,0.059204313086612656,0.119035367924198
1885,0.07971229873613629,0.13769675427743064
1886,0.07035513826958445,0.12931414734870453
1887,0.06862031886357323,0.1267266989170133
1888,0.04304807970042139,0.10281118008833201
1889,0.08035432469256808,0.13312483758455312
1890,0.10097223377037626,0.1556667950677443
1891,0.07161661791131436,0.12930866595095003
1892,0.03291747236543903,0.08993054588875408
1893,0.0314830538928399,0.08358669938728809
1894,0.04982013393000176,0.10861519780530383
1895,0.10616565448523091,0.1571454270532093
1896,0.06316188436328923,0.11961023136075939
1897,0.059887174074959915,0.12040837406904958
1898,0.03353754971927726,0.09076205768686581
1899,0.11635690922638217,0.16395384565593632
1900,0.024225429165718626,0.0724744895639702
1901,0.043909471617705066,0.09802526438562799
1902,0.032608599756465614,0.0873856884679641
1903,0.06804022133595336,0.11774705567670368
1904,0.0378122591839834,0.09670030810481767
1905,0.04793817002046558,0.10432503744177885
1906,0.06014492151740525,0.11665746094983329
1907,0.0687378394329078,0.12309868930097903
1908,0.02806191346199932,0.07714898743086572
1909,0.0864109604607025,0.14262224698095236
1910,0.12106756166522548,0.16742763451672937
1911,0.08766423657842966,0.14035892052966634
1912,0.03705620492733979,0.09196776655377295
1913,0.11048812564474425,0.16208236413920177
1914,0.08178346907895925,0.14030230896026405
1915,0.024627097106019923,0.07455194124722776
1916,0.046979599967662836,0.10613052236542136
1917,0.09949861354343942,0.1548218732362168
1918,0.13050363583775326,0.17615537240548018
1919,0.04938465370800409,0.10986249448823698
1920,0.09366780226641507,0.14999908410060686
1921,0.12441044634587115,0.17412452758059005
1922,0.06244406620783937,0.11938955015520182
1923,0.05248175629815672,0.11068634285706941
1924,0.04864112500309898,0.100543040862128
1925,0.06506130219150806,0.12502878226959607
1926,0.0224874797380872,0.07288359902182015
1927,0.06486577026861,0.12020297385268683
1928,0.08000492378740023,0.13523374028647628
1929,0.07070905874365818,0.129573150901109
1930,0.08122856823409616,0.13448063649520675
1931,0.05764099406820067,0.1104811877806843
1932,0.04199228022421164,0.10183376437071762
1933,0.11603227290903037,0.15809757356035697
1934,0.08624641150491713,0.14524923482888225
1935,0.0322578183661837,0.08940639056430687
1936,0.07304047266191384,0.1294623111895331
1937,0.008237476768883967,0.04353204706787482
1938,0.0861036955948411,0.14101606207051937
1939,0.029212438412930013,0.08022591344249341
1940,0.10306264010690015,0.1551078158762473
1941,0.028157449683407852,0.0802479262616586
1942,0.09231167641401268,0.14938380302515045
1943,0.03631012733401571,0.0947970822933887
1944,0.15406950415560858,0.1911038826462261
1945,0.0745447811482259,0.1334865129935387
1946,0.07589281780659267,0.13720286515283683
1947,0.05455582682783715,0.11351305650585321
1948,0.07273001330505863,0.13161466279319248
1949,0.024673765663986998,0.07377735839916429
1950,0.09254712069828641,0.14819634975864066
1951,0.10780269318047157,0.15697666652851222
1952,0.0755745197044346,0.13408596247434446
1953,0.06613451540532253,0.12190626340652126
1954,0.08487222645584265,0.14038773730327936
1955,0.07815278437886579,0.1383380528233067
1956,0.04360013691858422,0.1005784469339889
1957,0.08274749505126897,0.13820423711698163
1958,0.08127439383315897,0.13991665175522291
1959,0.06252749900930409,0.12454340248801042
1960,0.018548603734025403,0.06767970883046268
1961,0.04632453823986159,0.10120967289695688
1962,0.09891115300126663,0.1515448824143229
1963,0.08400161283713885,0.1391087326137071
1964,0.07897646103787709,0.13745726042476497
1965,0.06089574099731435,0.1204011282462063
1966,0.08109836885460442,0.13761497355208252
1967,0.07696294423834202,0.13475273358668327
1968,0.12206041413078557,0.16990264103893946
1969,0.08844510669916698,0.14604748489980063
1970,0.03808105153147391,0.09342441261526203
1971,0.0472014193210424,0.10674794846686182
1972,0.04513104509312599,0.10380594450289322
1973,0.02025354386454492,0.06663869534827717
1974,0.07014367156775492,0.12576938557568731
1975,0.08384698284780268,0.14037328077714203
1976,0.047473647841612614,0.10422398906933932
1977,0.06735310840529755,0.12775033339294614
1978,0.04540456745957647,0.10356281092871737
1979,0.0671452539041533,0.12340612272971464
1980,0.09710948458827634,0.152512287241626
1981,0.057268575666197294,0.11198336875083477
1982,0.08952239831818477,0.14622851616244747
1983,0.08174682713769749,0.13904663922838617
1984,0.06400032411870649,0.1205733475593771
1985,0.07560706702795629,0.13432668162944914
1986,0.05582531816841053,0.1152146907396088
1987,0.09650305800974895,0.14699503097473535
1988,0.10220709791063887,0.15385763350598605
1989,0.10487443071865037,0.1546253038896089
1990,0.04547169776425732,0.10436197035494024
1991,0.09349305890805198,0.14422613565165637
1992,0.1003631200784771,0.15438330470035655
1993,0.06888972310943979,0.1299954713496596
1994,0.08333789426309651,0.13675125571493163
1995,0.09722513873053736,0.15223293835523097
1996,0.07349701907073362,0.1314651780393915
1997,0.0651566984464696,0.12107813525388114
1998,0.07928146048320797,0.13232861780942493
1999,0.06658783856067828,0.11755296209350635
2000,[0.02336102 0.12416187],[0.0729608  0.16990841]
2002,0.06866012640906896,0.12395956133412328
